"fd2gp"	"pops"	"2,"	"loci"	300																																														
1																																																		
2																																																		
3																																																		
4																																																		
5																																																		
6																																																		
7																																																		
8																																																		
9																																																		
10																																																		
11																																																		
12																																																		
13																																																		
14																																																		
15																																																		
16																																																		
17																																																		
18																																																		
19																																																		
20																																																		
21																																																		
22																																																		
23																																																		
24																																																		
25																																																		
26																																																		
27																																																		
28																																																		
29																																																		
30																																																		
31																																																		
32																																																		
33																																																		
34																																																		
35																																																		
36																																																		
37																																																		
38																																																		
39																																																		
40																																																		
41																																																		
42																																																		
43																																																		
44																																																		
45																																																		
46																																																		
47																																																		
48																																																		
49																																																		
50																																																		
"POP"																																																		
"ind1,"	202	202	202	202	202	201	202	201	202	201	202	202	202	201	202	202	202	202	202	202	202	202	202	202	202	202	202	202	202	202	202	202	202	202	202	202	202	202	202	202	202	202	202	202	202	202	202	202	202	202
"ind2,"	101	202	101	201	101	101	101	101	201	101	101	202	201	101	202	202	101	201	202	202	202	202	202	202	202	202	202	202	202	202	202	202	101	202	101	202	201	202	202	202	202	202	202	202	202	202	202	202	201	202
"ind3,"	101	202	101	101	101	101	101	101	101	101	101	201	101	101	202	101	101	101	202	202	202	202	202	202	202	202	202	202	202	202	202	202	101	202	101	202	101	202	202	202	202	202	202	202	202	202	202	202	101	202
"ind4,"	101	201	101	101	101	101	101	101	101	101	101	101	101	101	202	101	101	101	202	202	202	202	202	202	202	202	202	202	202	202	202	202	101	202	101	202	101	202	202	202	202	202	202	202	202	202	202	202	101	202
"ind5,"	101	101	101	101	101	101	101	101	101	101	101	101	101	101	101	101	101	101	202	202	202	202	202	202	202	202	202	202	202	202	202	202	101	202	101	202	101	202	202	201	202	202	202	202	202	202	202	202	101	202
"ind6,"	101	101	101	101	101	101	101	101	101	101	101	101	101	101	101	101	101	101	202	202	202	202	101	202	202	202	202	101	202	202	202	202	101	202	101	202	101	202	202	101	202	202	202	202	202	202	202	202	101	101
"ind7,"	101	101	101	101	101	101	101	101	101	101	101	101	101	101	101	101	101	101	202	202	202	202	101	202	202	202	202	101	202	202	202	101	101	202	101	202	101	202	202	101	202	202	202	201	202	202	202	202	101	101
"ind8,"	101	101	101	101	101	101	101	101	101	101	101	101	101	101	101	101	101	101	202	202	202	202	101	202	202	202	202	101	202	202	202	101	101	202	101	202	101	202	202	101	202	201	202	101	202	202	202	202	101	101
"ind9,"	101	101	101	101	101	101	101	101	101	101	101	101	101	101	101	101	101	101	202	202	101	202	101	202	202	202	101	101	202	202	202	101	101	202	101	202	101	202	202	101	202	101	202	101	202	202	202	202	101	101
"ind10,"	101	101	101	101	101	101	101	101	101	101	101	101	101	101	101	101	101	101	202	202	101	202	101	202	202	202	101	101	202	202	202	101	101	202	101	202	101	202	101	101	202	101	202	101	202	202	202	202	101	101
"ind11,"	101	101	101	101	101	101	101	101	101	101	101	101	101	101	101	101	101	101	202	202	101	202	101	202	201	101	101	101	202	202	202	101	101	202	101	201	101	202	101	101	202	101	201	101	202	202	202	202	101	101
"ind12,"	101	101	101	101	101	101	101	101	101	101	101	101	101	101	101	101	101	101	101	202	101	202	101	202	101	101	101	101	202	202	202	101	101	101	101	101	101	101	101	101	201	101	101	101	202	202	202	202	101	101
"ind13,"	101	101	101	101	101	101	101	101	101	101	101	101	101	101	101	101	101	101	101	202	101	202	101	202	101	101	101	101	101	202	202	101	101	101	101	101	101	101	101	101	101	101	101	101	202	202	202	201	101	101
"ind14,"	101	101	101	101	101	101	101	101	101	101	101	101	101	101	101	101	101	101	101	202	101	202	101	101	101	101	101	101	101	202	202	101	101	101	101	101	101	101	101	101	101	101	101	101	202	202	202	101	101	101
"ind15,"	101	101	101	101	101	101	101	101	101	101	101	101	101	101	101	101	101	101	101	202	101	201	101	101	101	101	101	101	101	202	202	101	101	101	101	101	101	101	101	101	101	101	101	101	101	202	202	101	101	101
"ind16,"	101	101	101	101	101	101	101	101	101	101	101	101	101	101	101	101	101	101	101	201	101	101	101	101	101	101	101	101	101	201	201	101	101	101	101	101	101	101	101	101	101	101	101	101	101	101	201	101	101	101
"POP"																																																		
"ind1,"	202	202	202	202	202	202	101	202	202	202	202	201	202	202	202	202	202	202	201	202	202	202	202	202	202	202	202	101	202	202	202	202	101	202	101	202	101	202	202	202	202	101	202	202	202	202	202	202	202	202
"ind2,"	202	201	202	202	202	202	101	202	202	202	202	101	202	202	202	202	202	202	101	202	202	202	202	202	202	202	202	101	202	202	202	202	101	202	101	202	101	202	201	202	202	101	202	202	202	202	202	202	202	101
"ind3,"	202	101	202	202	202	202	101	202	202	202	202	101	202	202	202	202	202	202	101	101	202	202	202	202	202	202	202	101	202	202	202	202	101	202	101	202	101	202	101	101	202	101	202	202	202	202	202	202	202	101
"ind4,"	202	101	202	202	202	202	101	202	202	202	202	101	202	202	202	202	202	202	101	101	202	202	202	202	202	202	202	101	202	202	202	202	101	202	101	202	101	202	101	101	202	101	202	202	202	202	202	202	202	101
"ind5,"	202	101	202	202	202	202	101	101	202	202	202	101	202	202	202	202	202	202	101	101	202	202	202	202	202	202	202	101	202	202	202	202	101	202	101	202	101	202	101	101	202	101	202	202	202	202	202	202	202	101
"ind6,"	202	101	202	202	202	202	101	101	202	202	202	101	202	202	202	202	202	202	101	101	202	202	202	202	202	202	202	101	202	202	202	101	101	202	101	202	101	202	101	101	202	101	202	202	202	202	202	202	202	101
"ind7,"	202	101	202	202	202	202	101	101	202	202	202	101	202	202	202	202	202	202	101	101	202	202	202	202	202	202	202	101	202	202	202	101	101	202	101	202	101	202	101	101	202	101	202	202	201	202	202	202	202	101
"ind8,"	202	101	202	202	202	202	101	101	202	202	202	101	202	202	202	202	202	202	101	101	101	202	202	202	202	202	202	101	202	202	202	101	101	202	101	101	101	202	101	101	201	101	202	202	101	202	202	202	202	101
"ind9,"	202	101	202	202	202	202	101	101	202	202	202	101	202	202	202	202	202	202	101	101	101	202	202	202	202	101	202	101	202	202	202	101	101	202	101	101	101	202	101	101	101	101	202	101	101	202	202	202	202	101
"ind10,"	202	101	202	202	202	202	101	101	202	202	202	101	202	202	202	202	202	202	101	101	101	202	101	202	202	101	202	101	202	202	202	101	101	201	101	101	101	202	101	101	101	101	202	101	101	202	202	202	202	101
"ind11,"	202	101	202	202	202	202	101	101	202	202	202	101	202	202	202	202	202	202	101	101	101	202	101	101	101	101	202	101	202	202	202	101	101	101	101	101	101	202	101	101	101	101	202	101	101	202	202	202	202	101
"ind12,"	202	101	202	202	202	202	101	101	202	202	202	101	202	202	202	202	202	202	101	101	101	202	101	101	101	101	202	101	202	202	202	101	101	101	101	101	101	202	101	101	101	101	202	101	101	202	202	202	101	101
"ind13,"	202	101	202	202	202	202	101	101	202	202	202	101	202	202	202	202	202	202	101	101	101	202	101	101	101	101	202	101	201	202	202	101	101	101	101	101	101	202	101	101	101	101	101	101	101	202	202	202	101	101
"ind14,"	202	101	202	202	202	202	101	101	202	202	202	101	202	202	202	202	202	202	101	101	101	202	101	101	101	101	201	101	101	202	202	101	101	101	101	101	101	202	101	101	101	101	101	101	101	202	202	101	101	101
"ind15,"	202	101	202	202	202	202	101	101	202	202	202	101	202	202	202	202	202	202	101	101	101	202	101	101	101	101	101	101	101	202	201	101	101	101	101	101	101	201	101	101	101	101	101	101	101	202	101	101	101	101
"ind16,"	202	101	202	202	201	202	101	101	202	202	202	101	202	202	202	202	202	202	101	101	101	202	101	101	101	101	101	101	101	201	101	101	101	101	101	101	101	101	101	101	101	101	101	101	101	201	101	101	101	101
